scan_date,ticker,grade,pattern,price_at_scan,pivot_price,pct_from_pivot,base_depth_pct,base_duration_days,vol_contraction_ratio,prior_move_pct,prior_move_days,pct_1m,pct_3m,pct_6m,pct_from_52w_high,pct_1d,pct_5d,pct_10d,pct_20d,max_gain_pct,did_break_out
2025-05-22,AVGO,A,HTF,228.6771,234.5992,2.52,6.3,6,0.595,59.03,28,19.87,16.9,45.2,7.95,-0.79,5.01,7.11,10.34,13.25,True
2025-05-23,NRG,A,HTF,156.0352,159.9505,2.45,5.81,6,,91.18,29,44.89,49.9,56.62,2.45,-0.58,0.42,-1.76,-2.62,2.04,False
2025-05-26,NRG,A,HTF,156.0352,159.9505,2.45,5.81,6,,91.18,29,44.89,49.9,56.62,2.45,-0.58,0.42,-1.76,-2.62,2.04,False
2025-05-27,NRG,A,HTF,155.1355,159.9505,3.01,5.81,6,,93.63,30,43.84,57.15,59.18,3.01,-0.54,2.63,-5.25,-2.29,2.63,False
2025-05-28,NRG,A,HTF,154.2952,159.9505,3.54,5.81,7,,93.63,30,42.99,56.3,58.78,3.54,-1.02,0.58,-4.48,3.51,3.51,False
2025-05-29,NRG,A,HTF,152.7231,159.9505,4.52,5.81,8,,93.63,30,35.33,57.12,54.33,4.52,0.93,1.01,-2.25,5.31,5.31,False
2025-05-30,NRG,A,HTF,154.137,159.9505,3.63,5.81,9,,93.63,30,33.66,71.75,55.22,3.63,1.66,0.03,-2.48,3.0,4.34,False
2025-06-02,NRG,A,HTF,156.6977,159.9505,2.03,5.81,10,,93.63,30,36.36,80.64,61.01,2.03,1.61,-2.17,-2.87,-1.6,2.64,False
2025-06-03,NRG,A,HTF,159.2188,160.4942,0.79,6.13,11,,93.63,30,37.63,90.63,69.03,0.79,-2.53,-7.68,-5.56,-3.42,1.01,False
2025-06-04,CVNA,A,HTF,69.128,69.462,0.48,9.88,6,0.751,97.03,36,33.36,100.7,46.14,0.48,-0.68,-1.54,-10.92,0.78,0.78,False
2025-06-04,NRG,A,HTF,155.1949,160.4942,3.3,6.13,12,,93.63,30,32.27,77.84,68.87,3.3,-0.6,-5.03,-2.76,0.9,3.63,False
2025-06-05,NRG,A,HTF,154.2655,160.4942,3.88,6.13,13,,93.63,30,29.66,69.42,64.78,3.88,-0.06,-3.22,-2.63,1.7,4.26,False
2025-06-06,NRG,A,HTF,154.1765,160.4942,3.94,6.13,14,,93.63,30,30.68,72.2,65.28,3.94,-0.57,-2.5,-2.49,-2.99,4.32,False
2025-06-09,CVNA,A,HTF,67.982,70.286,3.28,9.97,6,0.781,103.88,39,21.56,87.61,36.92,3.28,-0.41,-14.67,-4.98,3.29,5.12,False
2025-06-10,CVNA,A,HTF,67.7,70.286,3.68,6.38,6,0.736,109.21,40,15.51,81.5,32.35,3.68,0.54,-13.15,-6.72,2.08,5.56,False
2025-06-11,CVNA,A,HTF,68.064,70.286,3.16,6.38,6,0.694,112.61,41,11.39,104.37,34.14,3.16,-6.28,-9.52,-9.94,0.98,5.0,False
2025-06-16,STX,A,HTF,129.3726,130.5474,0.9,5.75,6,,95.63,42,20.18,48.45,51.32,0.9,-0.13,4.02,11.27,12.87,16.57,True
2025-06-23,PLTR,A,HTF,139.92,144.86,3.41,6.14,5,0.769,,,13.47,55.31,76.93,3.41,2.37,-2.57,-0.15,6.54,10.06,False
2025-06-24,PLTR,A,HTF,143.23,144.86,1.13,6.14,6,0.753,,,16.08,66.84,85.58,1.13,-0.23,-8.76,-0.07,7.96,7.96,False
2025-06-24,VST,A,HTF,185.4579,188.6456,1.69,7.55,6,,80.69,49,13.76,56.58,33.29,6.56,0.08,-0.57,5.82,7.49,7.49,True
2025-06-25,MU,A,HTF,126.9461,127.7941,0.66,6.83,6,,85.94,50,32.3,46.45,51.4,11.27,-0.98,-4.33,-3.16,-12.11,-0.98,False
2025-06-26,MU,A,HTF,125.6991,129.5399,2.96,7.73,6,,88.23,51,30.17,42.04,44.47,12.14,-0.98,-2.94,-1.07,-11.62,-0.98,False
2025-06-27,MU,A,HTF,124.4621,129.5399,3.92,7.73,6,,90.98,52,32.08,40.81,39.0,13.0,-1.21,-3.79,-4.84,-10.74,-0.09,False
2025-07-11,CVNA,A,HTF,68.734,72.8,5.59,7.45,7,0.62,111.23,60,7.75,60.74,49.1,5.59,1.07,1.12,-3.36,1.13,13.53,False
2025-07-11,ORCL,A,HTF,228.7548,239.0417,4.3,4.95,6,,93.23,51,15.61,72.5,44.0,4.3,-0.56,6.46,6.32,8.45,11.22,True
2025-07-14,CVNA,A,HTF,69.468,72.8,4.58,7.45,8,0.609,111.23,60,16.94,65.95,49.51,4.58,0.31,-1.56,-3.17,-0.6,12.33,False
2025-07-14,ORCL,A,HTF,227.4849,239.0417,4.83,6.56,7,,93.23,51,6.76,77.07,33.62,4.83,2.48,6.22,8.04,10.21,11.84,True
2025-07-15,CVNA,A,HTF,69.682,72.8,4.28,7.45,9,0.605,111.23,60,20.12,64.8,48.86,4.28,1.04,-1.97,-3.42,-0.95,11.99,False
2025-07-16,CVNA,A,HTF,70.404,72.8,3.29,7.45,10,0.635,111.23,60,19.74,79.76,44.79,3.29,-1.68,-2.56,-5.24,-0.61,10.84,False
2025-07-16,ORCL,A,HTF,239.4108,239.4405,0.01,6.72,9,,93.23,51,16.16,96.88,30.14,0.01,3.09,0.25,3.85,1.19,6.27,True
2025-07-17,CVNA,A,HTF,69.22,72.8,4.92,7.45,11,0.654,111.23,60,12.4,63.29,43.93,4.92,0.41,-5.78,12.73,-1.01,12.73,False
2025-07-18,CVNA,A,HTF,69.504,72.8,4.53,7.49,12,0.663,111.23,60,8.64,57.29,43.51,4.53,-1.61,-4.43,5.83,0.71,12.27,False
2025-07-21,CVNA,A,HTF,68.384,72.8,6.07,7.49,13,0.658,111.23,60,6.82,45.49,39.64,6.07,-0.11,-1.63,5.48,5.14,14.11,False
2025-07-23,AMD,A,HTF,158.65,161.96,2.04,7.79,6,,87.1,59,10.63,64.59,33.48,8.85,2.19,13.15,2.82,4.13,16.24,True
2025-07-23,CVNA,A,HTF,68.6,72.8,5.77,9.03,15,0.721,111.23,60,8.63,42.01,40.61,5.77,-4.93,-2.74,3.47,-1.28,13.75,False
2025-08-01,PLTR,A,HTF,154.27,160.89,4.11,9.84,12,0.679,69.59,60,10.89,39.64,32.25,4.11,4.14,21.19,14.84,1.58,21.2,True
2025-08-04,FIX,A,HTF,697.5953,716.7924,2.68,7.15,6,,74.48,60,32.56,59.36,61.22,2.68,-1.1,-0.84,-0.42,-0.01,4.49,False
2025-08-05,FIX,A,HTF,689.9026,716.7924,3.75,7.15,7,,74.48,60,29.24,59.15,73.97,3.75,-0.14,3.93,-1.02,1.41,5.65,True
2025-08-06,FIX,A,HTF,688.9049,716.7924,3.89,7.15,8,,74.48,60,29.35,52.95,75.16,3.89,0.58,1.69,-1.29,4.93,5.8,True
2025-08-07,FIX,A,HTF,692.876,716.7924,3.34,7.15,9,,74.48,60,28.72,49.41,77.9,3.34,-0.38,-0.59,0.01,1.78,5.2,True
2025-08-07,WDC,A,HTF,74.2582,78.6075,5.53,7.04,6,,78.77,56,12.55,52.17,44.27,5.53,0.71,2.42,0.3,23.79,23.79,False
2025-08-08,FIX,A,HTF,690.212,716.7924,3.71,7.15,10,,74.48,60,27.41,48.11,75.7,3.71,0.22,-1.51,-0.26,3.56,5.6,True
2025-08-11,FIX,A,HTF,691.7585,716.7924,3.49,7.15,11,,74.48,60,28.62,49.77,75.53,3.49,3.65,0.42,-0.24,2.41,5.37,True
2025-08-12,FIX,A,HTF,717.002,718.3889,0.19,7.36,12,,74.48,60,31.46,52.26,88.47,0.19,-2.3,-4.76,-1.49,4.73,4.73,False
2025-08-12,WDC,A,HTF,75.7246,78.6075,3.67,7.04,9,,78.77,56,14.1,52.13,41.14,3.67,0.21,-0.07,5.01,25.32,25.32,False
2025-08-14,PLTR,A,HTF,181.02,190.0,4.73,6.23,6,0.847,53.81,60,17.91,44.14,99.63,4.73,-2.13,-13.72,-12.65,-5.3,-2.13,False
2025-08-15,ANET,A,HTF,137.3,141.99,3.3,6.72,7,,61.48,33,23.02,48.54,47.83,3.3,0.54,-2.95,-0.55,5.92,11.46,False
2025-08-15,WDC,A,HTF,74.8766,78.6075,4.75,7.04,12,,78.77,56,9.19,51.95,53.25,4.75,1.64,2.54,7.03,36.57,36.57,False
2025-08-18,ANET,A,HTF,138.04,141.99,2.78,6.72,8,0.829,61.48,33,25.74,49.14,43.22,2.78,-3.81,-3.62,-1.57,2.98,10.87,False
2025-08-18,WDC,A,HTF,76.1036,78.6075,3.19,7.04,13,,78.77,56,13.76,53.36,52.38,3.19,-0.56,3.84,7.37,35.29,35.29,True
2025-08-19,ANET,A,HTF,132.78,141.99,6.49,7.1,6,0.769,63.77,36,17.46,45.59,45.0,6.49,-0.99,1.12,3.46,7.58,15.26,False
2025-08-22,STX,A,VCP,158.0188,159.3686,0.85,9.85,17,0.76,68.67,60,5.82,35.48,71.52,0.85,3.01,5.14,18.86,44.04,44.04,True
2025-08-26,ANET,A,VCP,134.27,141.99,5.44,10.15,11,0.759,63.77,36,9.98,49.55,59.2,5.44,-0.74,2.32,12.25,6.23,13.98,False
2025-08-27,ANET,A,VCP,133.27,141.99,6.14,10.15,12,0.753,63.77,36,8.16,41.03,59.87,6.14,2.22,5.93,14.83,7.35,14.83,False
2025-08-28,ANET,A,VCP,136.23,141.99,4.06,10.15,13,0.768,63.77,36,15.87,43.49,75.64,4.06,0.23,4.86,2.32,4.6,12.34,True
2025-09-09,UAL,A,HTF,105.65,109.69,3.68,7.24,8,0.785,42.64,50,7.29,42.77,41.95,8.92,1.76,-1.37,-1.44,-8.52,3.51,False
2025-09-17,LITE,A,HTF,163.34,171.87,4.96,7.9,6,,99.94,60,40.94,77.91,155.3,4.96,5.0,-6.48,4.93,-4.14,5.0,False
2025-09-18,CIEN,A,HTF,138.04,139.74,1.22,6.97,6,,80.39,59,58.01,73.79,124.24,1.22,0.24,-0.63,10.59,23.72,23.72,False
2025-09-19,CIEN,A,HTF,138.37,139.74,0.98,6.97,7,,80.39,59,54.07,69.76,128.98,0.98,0.68,2.57,9.45,23.55,23.55,True
2025-09-22,CIEN,A,HTF,139.31,139.74,0.31,5.93,6,,84.1,60,53.53,69.64,126.37,0.31,0.12,3.45,10.01,24.27,24.27,True
2025-09-23,CIEN,A,HTF,139.48,141.43,1.38,6.01,6,,84.46,60,52.45,71.5,114.49,1.38,-0.76,4.44,8.6,21.67,24.12,True
2025-09-24,CIEN,A,HTF,138.42,141.43,2.13,6.01,7,,84.46,60,49.26,72.79,146.34,2.13,-0.9,9.61,15.34,18.83,25.07,True
2025-09-25,CIEN,A,HTF,137.17,141.43,3.01,6.01,8,,84.46,60,40.13,72.5,156.39,3.01,3.47,11.29,19.28,25.81,26.21,True
2025-09-26,APP,A,HTF,669.86,671.18,0.2,7.99,6,,94.62,58,39.97,96.07,188.46,0.2,6.34,1.93,-14.92,-7.44,7.27,True
2025-09-26,CIEN,A,HTF,141.93,143.79,1.29,7.55,9,,84.46,60,51.04,74.4,157.03,1.29,1.54,6.71,9.87,26.15,26.15,True
2025-10-09,TER,A,HTF,145.0197,150.5333,3.66,7.24,6,0.784,60.48,48,29.36,56.61,108.5,3.66,-9.03,-4.06,-0.1,27.43,29.2,False
2025-10-13,SATS,A,HTF,74.85,79.98,6.41,8.03,9,0.604,201.94,41,7.23,164.21,240.69,12.32,0.27,-0.94,-0.61,-1.47,0.69,False
2025-10-14,FSLR,A,HTF,224.43,237.2,5.38,7.21,9,0.751,44.32,57,6.51,24.69,64.49,5.38,8.9,1.08,6.76,17.7,23.6,True
2025-10-15,SATS,A,HTF,74.85,79.98,6.41,8.59,11,0.565,201.94,41,5.1,152.79,231.78,12.32,-3.37,-3.5,-1.64,-6.97,0.69,False
2025-10-22,AMAT,A,HTF,219.8543,231.3275,4.96,6.89,6,0.725,45.65,30,10.5,16.79,43.02,4.96,3.59,6.89,9.22,6.61,9.22,True
2025-10-23,AMAT,A,HTF,227.739,231.3275,1.55,6.89,6,0.704,45.74,31,12.04,27.25,48.62,1.55,0.12,1.79,2.21,-3.42,5.44,True
2025-10-24,AMAT,A,HTF,228.0181,231.3275,1.43,6.89,7,0.698,45.74,31,11.61,27.45,50.34,1.43,1.13,1.9,0.58,-1.88,5.31,True
2025-10-28,WBD,A,HTF,20.99,21.57,2.69,9.36,6,0.693,88.59,50,8.48,65.02,132.96,2.69,1.67,7.67,9.81,9.39,12.86,True
2025-10-29,WBD,A+,HTF,21.34,21.74,1.84,7.08,6,0.576,90.45,51,10.91,66.85,135.28,1.84,1.31,6.65,3.98,11.9,11.9,True
2025-10-30,WBD,A+,HTF,21.62,21.84,1.01,4.67,6,0.526,97.12,52,13.85,82.29,134.24,1.01,3.84,3.7,2.41,11.01,11.01,True
2025-10-31,MU,A,HTF,223.5857,232.2086,3.71,9.65,6,0.816,108.96,59,17.18,88.33,131.22,3.71,4.88,6.32,10.31,7.46,13.2,True
2025-10-31,WBD,A+,HTF,22.45,22.56,0.49,7.71,7,0.563,97.12,52,17.66,105.77,144.55,0.49,-0.71,0.98,2.58,6.33,6.9,True
2025-11-03,AMD,A,HTF,259.65,267.08,2.78,6.47,6,0.797,71.81,36,22.76,50.71,120.57,2.78,-3.7,-6.04,-7.37,-17.1,-0.29,False
2025-11-03,HAL,A,HTF,26.8781,27.3429,1.7,4.34,8,0.828,33.78,52,11.94,33.59,30.08,14.15,-1.36,1.95,-2.06,-0.99,3.24,True
2025-11-03,LRCX,A,HTF,160.7824,164.7511,2.41,6.62,6,,63.86,57,14.88,58.39,90.61,2.41,-3.39,3.18,-8.55,-1.89,3.18,True
2025-11-03,MU,A,HTF,234.5067,237.4243,1.23,9.21,6,0.782,109.99,60,26.39,89.82,146.61,1.23,-7.1,7.93,3.09,2.04,7.93,True
2025-11-03,WBD,A+,HTF,22.29,22.56,1.2,7.71,8,0.589,97.12,52,19.84,106.77,142.02,1.2,1.39,3.1,2.02,10.05,10.05,True
2025-11-04,AMAT,A,HTF,229.4535,241.7241,5.08,6.36,7,0.85,48.05,38,5.83,22.5,32.48,5.08,4.65,-0.66,-2.2,16.93,16.93,False
2025-11-04,AMD,A,HTF,250.05,267.08,6.38,7.37,7,0.816,71.81,36,6.15,42.93,117.45,6.38,2.51,-5.01,-7.9,-12.98,3.54,False
2025-11-04,LRCX,A,HTF,155.3378,164.7511,5.71,6.62,7,,63.86,57,9.29,48.26,84.55,5.71,5.95,2.18,-8.05,2.72,6.8,True
2025-11-04,WBD,A,HTF,22.6,22.62,0.09,7.96,9,0.606,97.12,52,26.33,101.43,147.26,0.09,0.71,1.99,4.82,8.72,8.72,True
2025-11-05,LRCX,A,HTF,164.5815,166.4462,1.12,7.05,6,,67.8,59,17.06,54.93,96.36,1.12,-1.73,-2.2,-9.85,-4.67,0.8,False
2025-11-05,WBD,A,HTF,22.76,23.06,1.3,9.71,6,0.73,97.96,56,28.81,88.88,148.47,1.3,-1.49,-2.5,1.45,7.82,7.95,False
2025-11-06,LRCX,A,HTF,161.7297,166.4462,2.83,7.05,6,,68.16,60,23.46,51.34,94.36,2.83,-1.75,-5.47,-13.93,-1.99,2.58,False
2025-11-06,WBD,A,HTF,22.42,23.06,2.78,7.37,6,0.777,100.56,57,31.11,90.32,147.73,2.78,1.12,-1.25,2.05,16.32,16.32,False
2025-11-07,WBD,A+,HTF,22.67,23.06,1.69,4.73,6,0.762,108.26,58,27.5,91.31,145.61,1.69,1.37,1.59,2.21,20.11,20.11,False
2025-11-10,WBD,A+,HTF,22.98,23.06,0.35,4.73,7,0.74,108.26,58,27.81,94.42,156.76,0.35,0.3,-1.04,-0.52,22.98,22.98,False
2025-11-11,WBD,A,HTF,23.05,23.19,0.6,5.09,6,0.667,109.65,60,24.93,99.39,155.54,0.6,-3.73,2.78,-0.39,28.11,28.11,True
2025-11-12,WBD,A,HTF,22.19,23.19,4.31,5.09,7,0.651,109.65,60,21.32,92.29,146.56,4.31,-0.23,4.06,7.62,32.9,33.08,True
2025-11-13,WBD,A,HTF,22.14,23.19,4.53,5.69,8,0.653,109.65,60,21.72,91.03,131.83,4.53,4.02,3.34,8.4,35.41,35.41,True
2025-11-14,WBD,A,HTF,23.03,23.19,0.69,5.69,9,,109.65,60,25.71,91.12,129.84,0.69,-1.26,0.61,3.65,29.01,30.18,True
2025-11-17,WBD,A,HTF,22.74,23.19,1.94,5.69,10,,109.65,60,11.85,88.87,126.49,1.94,4.18,0.53,7.87,27.09,31.84,True
2025-12-03,GOOG,A,HTF,320.1854,328.2245,2.45,4.47,6,,52.8,60,12.6,33.84,82.46,2.45,-0.7,0.18,-6.98,-1.59,0.46,False
2025-12-03,GOOGL,A,HTF,319.1964,328.3839,2.8,4.54,6,,53.17,60,12.42,33.64,83.15,2.8,-0.63,0.25,-7.11,-1.34,0.51,False
2025-12-04,GOOG,A,HTF,317.9584,328.2245,3.13,4.47,7,,52.8,60,11.58,32.23,79.09,3.13,1.16,-1.41,-4.54,-0.27,1.16,False
2025-12-04,GOOGL,A,HTF,317.1891,328.3839,3.41,4.54,7,,53.17,60,11.54,32.14,79.84,3.41,1.15,-1.57,-4.71,-0.27,1.15,False
2025-12-09,AMAT,A,HTF,266.8073,273.2492,2.36,6.56,6,0.798,64.05,60,17.05,54.24,58.4,2.36,3.0,-3.11,-2.59,5.43,10.81,True
2025-12-10,AMAT,A,HTF,274.8073,275.7561,0.34,5.94,6,0.747,64.7,59,19.49,54.77,60.78,0.34,-1.83,-9.77,-5.22,9.46,9.46,False
2025-12-10,TER,A,HTF,203.9247,204.9143,0.48,7.8,6,0.784,73.94,57,13.89,78.59,133.94,0.48,-0.02,-9.22,-2.69,6.49,12.17,False
2025-12-11,AMAT,A+,HTF,269.7735,275.7561,2.17,4.81,6,0.738,65.2,60,21.24,42.62,50.64,2.17,-4.04,-6.15,-3.04,13.75,13.75,False
2025-12-11,TER,A,HTF,203.8848,204.9143,0.5,5.85,6,0.747,77.1,58,20.36,71.79,126.05,0.5,-5.2,-6.63,-2.49,10.0,12.19,False
2025-12-12,AMAT,A,HTF,258.8871,275.7561,6.12,6.87,7,0.765,65.2,60,14.91,36.62,42.27,6.12,0.79,-1.08,1.48,17.62,18.53,False
2025-12-12,TER,A,HTF,193.2892,204.9143,5.67,6.41,6,,79.01,59,13.85,61.47,114.76,5.67,0.69,0.94,2.06,18.57,18.57,False
2025-12-15,AMAT,A,HTF,260.9445,275.7561,5.37,6.87,8,0.78,65.2,60,14.46,30.55,43.05,5.37,-0.93,-0.86,-0.5,15.55,17.59,False
2025-12-15,TER,A,HTF,194.6186,204.9143,5.02,6.41,6,,80.99,60,16.37,44.14,114.22,5.02,-1.24,1.29,1.01,18.23,18.23,False
2025-12-16,AMAT,A,HTF,258.5176,275.7561,6.25,7.53,9,0.782,65.2,60,15.2,29.11,41.96,6.25,-4.08,0.54,-0.71,23.27,23.27,False
2025-12-16,TER,A,HTF,192.2096,204.9143,6.2,7.74,7,,80.99,60,17.54,42.88,113.2,6.2,-3.68,3.23,0.66,18.41,19.71,False
2025-12-29,ALB,A,HTF,144.2227,151.7042,4.93,7.12,6,0.835,80.46,57,13.0,64.38,96.32,4.93,-1.78,9.39,22.34,27.49,34.31,True
2025-12-30,ALB,A,HTF,141.6591,151.7042,6.62,7.12,7,0.792,80.46,57,11.16,54.77,101.76,6.62,-0.4,13.77,25.03,27.24,36.74,True
2025-12-30,LITE,A,HTF,371.18,401.6,7.57,9.36,6,0.453,160.6,50,22.58,131.12,299.16,7.57,-0.7,5.85,-10.66,2.76,7.07,False
2025-12-30,SATS,A+,HTF,109.2,110.87,1.51,7.03,6,0.58,62.68,24,47.45,42.22,253.86,1.97,-0.46,2.71,20.05,3.9,20.05,True
2025-12-31,ALB,A+,HTF,141.0905,151.7042,7.0,7.48,6,0.511,81.48,59,12.16,56.71,98.46,7.0,1.76,11.93,22.86,20.64,37.29,True
2025-12-31,SATS,A+,HTF,108.7,110.87,1.96,7.03,7,0.576,62.68,24,46.83,44.59,263.42,2.41,3.2,7.59,13.66,4.16,20.6,True
2026-01-01,ALB,A+,HTF,141.0905,151.7042,7.0,7.48,6,0.511,81.48,59,12.16,56.71,98.46,7.0,1.76,11.93,22.86,20.64,37.29,True
2026-01-01,SATS,A+,HTF,108.7,110.87,1.96,7.03,7,0.576,62.68,24,46.83,44.59,263.42,2.41,3.2,7.59,13.66,4.16,20.6,True
2026-01-02,ALB,A+,HTF,143.5743,151.7042,5.36,7.48,6,0.57,83.72,60,21.17,57.45,107.29,5.36,1.53,12.06,13.28,14.59,34.91,True
2026-01-02,LITE,A+,HTF,386.11,401.6,3.86,9.36,6,0.442,164.63,52,17.77,136.75,293.43,3.86,-7.53,-8.98,-16.02,9.66,9.66,False
2026-01-02,SATS,A,HTF,112.18,112.69,0.45,8.53,8,0.609,62.68,24,50.58,47.12,278.99,0.45,-1.35,6.97,9.89,3.9,16.86,True
2026-01-05,ALB,A,HTF,145.7689,151.7042,3.91,7.48,7,0.613,83.72,60,17.08,51.89,109.3,3.91,8.23,15.88,18.07,16.77,32.88,True
2026-01-05,SATS,A,HTF,110.67,113.47,2.47,9.16,9,0.631,62.68,24,34.96,44.67,280.44,2.47,4.87,13.92,10.24,3.75,18.45,True
2026-01-12,TER,A,HTF,224.2662,229.564,2.31,7.78,6,,66.31,58,16.03,61.18,141.59,2.31,2.19,-0.17,6.5,35.89,38.18,True
2026-01-13,TER,A,HTF,229.1742,230.2237,0.46,7.68,6,,73.39,59,17.76,66.07,151.48,0.46,0.4,1.14,9.25,40.21,40.21,True
2026-01-14,TER,A,HTF,230.0938,231.0334,0.41,8.0,7,,73.39,59,19.71,65.5,155.79,0.41,-1.08,-0.46,9.42,35.12,39.65,True
2026-01-27,CVNA,A,VCP,95.544,97.378,1.88,11.61,10,0.677,61.49,45,10.19,56.59,34.61,1.88,-14.17,-14.1,-18.01,-29.9,-10.52,False
2026-01-27,FIX,A,HTF,1159.3231,1176.7972,1.48,7.29,6,0.566,43.6,60,22.06,20.53,68.28,1.48,0.75,4.27,9.42,25.01,26.56,True
2026-01-28,FIX,A,HTF,1167.9854,1177.9262,0.84,7.38,7,0.56,43.6,60,23.46,21.15,68.57,0.84,0.21,-4.21,14.51,23.03,25.62,True
2026-01-29,FIX,A,HTF,1170.3931,1199.2368,2.41,9.03,8,0.556,43.6,60,25.52,19.9,69.57,2.41,-2.51,-2.01,10.97,22.02,25.36,True
2026-01-30,FIX,A,HTF,1141.0598,1199.2368,4.85,9.03,9,0.552,43.6,60,13.8,19.55,64.95,4.85,2.99,7.72,17.15,25.93,28.59,True
2026-02-02,FIX,A,HTF,1175.1887,1199.2368,2.01,9.03,10,0.551,43.6,60,13.94,19.15,63.9,2.01,2.87,9.13,13.73,18.27,24.85,True
2026-02-03,FIX,A,VCP,1208.8679,1218.8888,0.82,10.49,11,0.554,43.6,60,16.89,26.41,72.57,0.82,-7.45,4.93,9.05,18.22,21.37,True
2026-02-11,LUV,A,HTF,51.2088,54.4647,5.98,7.02,6,,69.51,50,20.87,57.39,67.18,5.98,-1.17,1.26,-0.97,-24.6,6.55,True
2026-02-17,LMT,A,HTF,646.1746,652.8992,1.03,5.28,6,0.785,45.33,47,12.76,39.28,44.75,1.03,0.04,2.29,3.35,-1.52,4.72,True
2026-02-18,LMT,A,HTF,646.4034,657.0871,1.63,5.88,7,0.783,45.33,47,10.85,39.82,45.12,1.63,2.57,-0.36,2.8,-0.64,4.69,True
2026-02-19,GEV,A,HTF,834.1056,845.4887,1.35,6.55,6,0.664,48.54,57,26.14,50.26,31.86,1.35,-0.51,5.01,-2.35,5.19,5.58,True
2026-02-19,LMT,A,HTF,663.0158,666.2388,0.48,7.18,8,0.782,45.33,47,12.22,45.75,48.29,0.48,-1.24,-3.73,-1.21,-3.85,2.06,False
2026-02-20,GEV,A,HTF,829.8382,845.4887,1.85,6.55,7,0.646,48.54,57,26.23,43.15,35.62,1.85,0.16,5.21,-4.95,2.56,6.12,True
2026-02-20,LMT,A,HTF,654.8091,666.2388,1.72,7.18,9,0.787,45.33,47,11.41,47.04,46.63,1.72,0.36,-0.03,2.59,-4.18,3.34,False
2026-02-23,BG,A,HTF,121.32,124.55,2.59,4.6,6,0.794,33.99,45,7.14,26.43,50.96,2.59,0.98,-0.59,-2.09,-0.41,3.82,False
2026-02-23,GEV,A,HTF,831.1974,845.4887,1.69,6.55,8,0.626,48.54,57,24.88,45.37,43.64,1.69,5.77,5.95,-0.19,6.19,6.19,True
2026-02-23,LMT,A,HTF,657.1567,666.2388,1.36,4.59,6,0.763,48.59,51,13.57,47.13,47.1,1.36,0.58,2.97,1.06,-6.22,2.97,True
2026-02-23,ON,A,HTF,69.47,73.76,5.82,9.14,6,0.751,60.82,57,13.64,43.8,41.95,5.82,0.81,-4.3,-14.74,-13.79,0.81,False
2026-02-24,GNRC,A,HTF,235.17,236.0,0.35,6.48,6,,71.2,31,37.97,58.02,34.28,0.35,0.6,-5.94,-10.4,-11.04,0.6,True
2026-02-24,LMT,A,HTF,660.9467,666.2388,0.79,4.59,7,0.773,48.59,51,11.68,47.41,49.08,0.79,-2.55,1.04,-1.47,-7.68,2.38,True
2026-02-24,ON,A,HTF,70.03,73.76,5.06,9.14,7,0.732,60.82,57,11.82,41.08,46.54,5.06,-0.5,-9.44,-14.91,-10.98,-0.5,False
2026-02-25,LMT,A,HTF,644.1055,666.2388,3.32,5.33,8,0.793,48.59,51,8.41,42.49,42.81,3.32,-0.91,3.16,0.83,-3.09,5.06,True
2026-02-25,ON,A,HTF,69.68,73.76,5.53,9.14,8,0.737,60.82,57,7.32,38.69,44.99,5.53,-2.18,-10.26,-14.98,-9.44,-2.18,False
2026-02-25,SLB,A,HTF,51.66,52.33,1.28,4.34,6,0.712,48.63,59,6.33,44.52,45.45,1.41,-0.33,-7.3,-6.76,0.45,0.45,False
2026-02-26,HAL,A,HTF,35.5378,36.0056,1.3,4.48,6,0.812,38.93,60,6.95,34.95,62.61,1.3,0.81,-3.88,-1.96,9.15,9.15,False
2026-02-26,ON,A,HTF,68.16,73.76,7.59,9.14,9,0.754,60.82,57,9.58,35.16,38.79,7.59,-2.46,-10.72,-15.36,-10.7,-2.46,False
2026-02-27,HAL,A,HTF,35.8264,36.0155,0.52,4.5,7,0.806,38.93,60,7.4,34.63,66.42,0.53,-0.08,-4.96,-5.96,12.82,12.82,False
2026-02-27,HII,A,HTF,444.52,450.4524,1.32,7.32,7,0.839,47.47,60,6.04,45.15,65.92,1.32,2.07,-3.47,-6.48,-14.11,2.07,True
2026-03-11,TPL,A,HTF,524.83,545.0,3.7,6.72,6,,96.2,52,27.06,87.96,72.92,3.98,0.79,1.0,1.05,-27.98,1.99,False
2026-03-12,TPL,A,HTF,528.97,545.0,2.94,6.72,7,,96.2,52,28.73,89.22,81.88,3.22,0.41,0.67,-1.26,-22.5,1.19,False
2026-03-13,TPL,A,HTF,531.13,545.0,2.54,6.72,8,,96.2,52,23.0,94.37,82.24,2.83,-0.8,-2.21,-3.65,-21.53,0.78,False
2026-03-16,TPL,A,HTF,526.89,545.0,3.32,6.72,6,,97.54,55,23.7,79.22,70.24,3.6,0.43,0.19,-11.3,-21.77,1.59,False
2026-03-17,TPL,A,HTF,529.18,545.0,2.9,6.72,7,,97.54,55,20.21,77.5,70.3,3.18,0.17,1.15,-10.32,-21.14,1.15,False
2026-03-17,VRT,A,HTF,268.41,276.7141,3.0,7.48,6,,80.24,55,10.39,73.89,89.64,3.0,-1.38,0.92,-6.64,12.2,15.68,False
2026-03-18,TPL,A,HTF,530.08,545.0,2.74,6.72,8,,97.54,55,9.07,77.12,72.33,3.02,0.46,0.05,-17.14,-19.58,0.98,False
2026-03-18,VRT,A,HTF,264.71,276.7141,4.34,7.48,7,,80.24,55,8.93,65.67,89.51,4.34,1.68,4.33,-2.02,11.11,17.3,False
2026-03-19,DOW,A,HTF,37.49,38.58,2.83,7.96,6,,66.48,58,24.29,61.97,67.67,2.83,-2.24,5.28,10.43,-5.04,11.68,True
2026-03-19,TPL,A,HTF,532.52,545.0,2.29,6.72,9,,97.54,55,6.65,76.07,67.91,2.57,-2.46,-1.92,-16.58,-20.65,0.51,False
2026-03-19,VRT,A,HTF,269.17,276.7141,2.73,7.48,8,,80.24,55,10.46,61.95,94.3,2.73,-4.94,-6.23,-2.93,14.18,15.36,False
2026-03-20,DOW,A,HTF,36.65,38.58,5.0,7.96,7,,66.48,58,22.39,61.94,64.42,5.0,-1.66,11.38,10.67,0.33,14.24,True
2026-03-23,DOW,A,HTF,36.04,38.58,6.58,7.96,8,,66.48,58,17.45,58.14,61.4,6.58,6.3,16.18,14.9,6.3,16.18,True
2026-03-24,DOW,A,HTF,38.31,38.58,0.7,7.96,9,,66.48,58,29.13,66.44,70.67,0.7,3.42,8.72,2.53,1.31,9.29,True
2026-03-24,TPL,A,HTF,535.26,545.0,1.79,6.72,12,,97.54,55,5.01,86.36,68.12,2.07,-0.92,-11.34,-16.25,-17.89,-0.92,False
2026-04-07,DOW,A,HTF,41.41,42.74,3.11,7.38,6,,81.21,60,22.19,59.14,93.99,3.11,-5.14,-5.43,-7.49,-1.47,-1.47,False
2026-04-15,KEYS,A,HTF,325.25,334.99,2.91,6.96,6,0.671,53.56,60,14.48,53.45,97.49,2.91,1.45,4.22,3.14,11.05,12.74,True
2026-04-16,KEYS,A,HTF,329.96,334.99,1.5,5.37,6,0.639,54.72,60,13.7,52.27,95.96,1.5,1.33,5.02,6.05,9.57,11.13,True
2026-04-17,KEYS,A,HTF,334.34,338.0,1.08,5.33,6,0.677,54.89,60,20.47,54.99,97.29,1.08,0.24,3.77,5.4,4.39,9.67,True
2026-04-17,VRT,A,HTF,307.34,312.46,1.64,7.41,6,0.603,72.76,59,20.11,69.73,65.28,1.64,2.3,5.25,6.82,20.69,22.41,True
